{
  "start_month":1,
  "end_year":165,
  "start_year":151,
  "timeseries_data":[
    9.999999616903162e+35,
    9.999999616903162e+35,
    9.999999616903162e+35,
    9.999999616903162e+35,
    9.999999616903162e+35,
    9.999999616903162e+35,
    9.999999616903162e+35,
    9.999999616903162e+35,
    9.999999616903162e+35,
    9.999999616903162e+35,
    9.999999616903162e+35,
    9.999999616903162e+35
  ],
  "end_month":12
}