{
"start_year" : 151,
"start_month" : 1,
"end_year" : 165,
"end_month" : 12,
"timeseries_data" : [3.3717864,3.3071246,3.2439508,3.1806085,3.231812,3.8831348,4.0463667,4.146365,4.2273135,3.8861408,3.4604008,3.3915052,3.3231378,3.2595782,3.1974757,3.134716,3.1050892,3.6197684,4.039085,4.135011,4.214136,3.8732352,3.4433692,3.3748755,3.3069048,3.243712,3.1819658,3.119736,3.1342745,3.780742,4.0399613,4.1677938,4.269162,3.9468615,3.5280316,3.4575353,3.387588,3.3225675,3.259045,3.1949651,3.187741,3.8342905,4.1286197,4.2364397,4.3329573,3.9849863,3.5434153,3.4725535,3.402246,3.3368921,3.2730458,3.208652,3.188969,3.7921965,4.18278,4.300776,4.409397,4.05424,3.5998185,3.5276139,3.4559813,3.3894024,3.3243656,3.2612607,3.300574,4.0157876,4.3042836,4.4342747,4.5267024,4.1668515,3.712293,3.6373937,3.5631027,3.4940667,3.4266427,3.3592002,3.3976562,4.1459026,4.4236293,4.5481925,4.6336718,4.2504125,3.774309,3.6979144,3.6221485,3.5517495,3.4830015,3.414,3.4284258,4.1749516,4.4664335,4.5876746,4.690847,4.3012505,3.811055,3.733771,3.6571286,3.5859191,3.5163844,3.4466064,3.429127,4.124639,4.457813,4.547911,4.6371274,4.2156353,3.7044678,3.6297567,3.5556514,3.4867868,3.4195297,3.351756,3.3402662,4.014584,4.2935963,4.3964276,4.4786763,4.108157,3.6426926,3.5694635,3.4968202,3.4293067,3.363362,3.2973282,3.310424,4.000411,4.237934,4.305842,4.3587675,3.9927626,3.5425043,3.4716644,3.4013782,3.336044,3.2722168,3.2079265,3.2167196,3.869017,4.1073437,4.2192187,4.318729,3.9740763,3.5444806,3.4735937,3.403261,3.3378842,3.2740152,3.2095013,3.199894,3.8354378,4.093462,4.208418,4.3050323,3.968793,3.5363188,3.4656258,3.3954844,3.3302844,3.2665875,3.202663,3.2033055,3.8639188,4.1503778,4.291154,4.403633,4.051824,3.6053622,3.5330253,3.4612622,3.3945627,3.3294086,3.2640727,3.2663527,3.9300938,4.19154,4.276646,4.337424,3.9667869,3.5134518,3.4433012]
}
